path('about', about, name='about'),
path('about/careers', about_careers, name='about_careers'),
path('about/privacy-policy', about_privacy_policy, name='about_privacy_policy'),
path('collections', collections, name='collections'),
path('collection/ivy-league-moocs', collection_ivy_league_moocs, name='collection_ivy_league_moocs'),
path('collection/ivy-league-moocs/', collection_ivy_league_moocs_, name='collection_ivy_league_moocs_'),
path('collection/sustainability-online-courses', collection_sustainability_online_courses, name='collection_sustainability_online_courses'),
path('collection/top-free-online-courses', collection_top_free_online_courses, name='collection_top_free_online_courses'),
path('contact', contact, name='contact'),
path('course/build-a-computer-3234', course_build_a_computer_3234, name='course_build_a_computer_3234'),
path('course/edx-monitoring-volcanoes-and-magma-movements-13227', course_edx_monitoring_volcanoes_and_magma_movements_13227, name='course_edx_monitoring_volcanoes_and_magma_movements_13227'),
path('course/success-8087', course_success_8087, name='course_success_8087'),
path('help', help, name='help'),
path('help/moocs', help_moocs, name='help_moocs'),
path('home', home, name='home'),
path('institutions', institutions, name='institutions'),
path('institution/amazon', institution_amazon, name='institution_amazon'),
path('institution/british-council', institution_british_council, name='institution_british_council'),
path('institution/google', institution_google, name='institution_google'),
path('institution/ibm', institution_ibm, name='institution_ibm'),
path('institution/linuxfoundation', institution_linuxfoundation, name='institution_linuxfoundation'),
path('institution/microsoft', institution_microsoft, name='institution_microsoft'),
path('institution/salesforce', institution_salesforce, name='institution_salesforce'),
path('institution/smithsonian', institution_smithsonian, name='institution_smithsonian'),
path('institution/united-nations', institution_united_nations, name='institution_united_nations'),
path('lists', lists, name='lists'),
path('login', login, name='login'),
path('most-popular-courses', most_popular_courses, name='most_popular_courses'),
path('new-online-courses', new_online_courses, name='new_online_courses'),
path('providers', providers, name='providers'),
path('provider/coursera', provider_coursera, name='provider_coursera'),
path('provider/edx', provider_edx, name='provider_edx'),
path('provider/futurelearn', provider_futurelearn, name='provider_futurelearn'),
path('provider/linkedin-learning', provider_linkedin_learning, name='provider_linkedin_learning'),
path('provider/skillshare', provider_skillshare, name='provider_skillshare'),
path('provider/swayam', provider_swayam, name='provider_swayam'),
path('provider/udacity', provider_udacity, name='provider_udacity'),
path('provider/udemy', provider_udemy, name='provider_udemy'),
path('rankings', rankings, name='rankings'),
path('report/', report_, name='report_'),
path('report/100-most-popular-online-courses-2021/', report_100_most_popular_online_courses_2021_, name='report_100_most_popular_online_courses_2021_'),
path('report/2022-year-in-review/', report_2022_year_in_review_, name='report_2022_year_in_review_'),
path('report/author/dhawal/', report_author_dhawal_, name='report_author_dhawal_'),
path('report/author/heba/', report_author_heba_, name='report_author_heba_'),
path('report/author/manoel/', report_author_manoel_, name='report_author_manoel_'),
path('report/author/pat-bowden/', report_author_pat_bowden_, name='report_author_pat_bowden_'),
path('report/author/ruima/', report_author_ruima_, name='report_author_ruima_'),
path('report/best-davinci-resolve-courses/', report_best_davinci_resolve_courses_, name='report_best_davinci_resolve_courses_'),
path('report/best-digital-art-courses/', report_best_digital_art_courses_, name='report_best_digital_art_courses_'),
path('report/best-elm-courses/', report_best_elm_courses_, name='report_best_elm_courses_'),
path('report/best-free-online-courses-2021/', report_best_free_online_courses_2021_, name='report_best_free_online_courses_2021_'),
path('report/best-free-online-courses-2022/', report_best_free_online_courses_2022_, name='report_best_free_online_courses_2022_'),
path('report/best-ocaml-courses/', report_best_ocaml_courses_, name='report_best_ocaml_courses_'),
path('report/best-resume-writing-courses/', report_best_resume_writing_courses_, name='report_best_resume_writing_courses_'),
path('report/category/best-courses/', report_category_best_courses_, name='report_category_best_courses_'),
path('report/chinese-mooc-platforms/', report_chinese_mooc_platforms_, name='report_chinese_mooc_platforms_'),
path('report/class-central-ddos-attack/', report_class_central_ddos_attack_, name='report_class_central_ddos_attack_'),
path('report/coursera-free-online-courses/', report_coursera_free_online_courses_, name='report_coursera_free_online_courses_'),
path('report/coursera-google-new-deal/', report_coursera_google_new_deal_, name='report_coursera_google_new_deal_'),
path('report/coursera-top-courses/', report_coursera_top_courses_, name='report_coursera_top_courses_'),
path('report/cs50-free-certificate/', report_cs50_free_certificate_, name='report_cs50_free_certificate_'),
path('report/edx-top-courses/', report_edx_top_courses_, name='report_edx_top_courses_'),
path('report/emoocs-2023-cfp/', report_emoocs_2023_cfp_, name='report_emoocs_2023_cfp_'),
path('report/feed/', report_feed_, name='report_feed_'),
path('report/free-certificates/', report_free_certificates_, name='report_free_certificates_'),
path('report/free-google-certifications/', report_free_google_certifications_, name='report_free_google_certifications_'),
path('report/futurelearn-expands-paywall/', report_futurelearn_expands_paywall_, name='report_futurelearn_expands_paywall_'),
path('report/google-free-certificates/', report_google_free_certificates_, name='report_google_free_certificates_'),
path('report/harvard-cs50-guide/', report_harvard_cs50_guide_, name='report_harvard_cs50_guide_'),
path('report/india-online-degrees/', report_india_online_degrees_, name='report_india_online_degrees_'),
path('report/linkedin-learning-free-learning-paths/', report_linkedin_learning_free_learning_paths_, name='report_linkedin_learning_free_learning_paths_'),
path('report/list-of-mooc-based-microcredentials/', report_list_of_mooc_based_microcredentials_, name='report_list_of_mooc_based_microcredentials_'),
path('report/mooc-based-masters-degree/', report_mooc_based_masters_degree_, name='report_mooc_based_masters_degree_'),
path('report/most-cited-mooc-research/', report_most_cited_mooc_research_, name='report_most_cited_mooc_research_'),
path('report/most-popular-courses-2022/', report_most_popular_courses_2022_, name='report_most_popular_courses_2022_'),
path('report/most-popular-courses-2023/', report_most_popular_courses_2023_, name='report_most_popular_courses_2023_'),
path('report/most-popular-online-courses/', report_most_popular_online_courses_, name='report_most_popular_online_courses_'),
path('report/online-learning-deals/', report_online_learning_deals_, name='report_online_learning_deals_'),
path('report/open-university-insiders-perspective/', report_open_university_insiders_perspective_, name='report_open_university_insiders_perspective_'),
path('report/review-china-economic-transformation/', report_review_china_economic_transformation_, name='report_review_china_economic_transformation_'),
path('report/udemy-by-the-numbers/', report_udemy_by_the_numbers_, name='report_udemy_by_the_numbers_'),
path('report/udemy-layoffs/', report_udemy_layoffs_, name='report_udemy_layoffs_'),
path('report/udemy-top-courses/', report_udemy_top_courses_, name='report_udemy_top_courses_'),
path('report/writing-free-online-courses/', report_writing_free_online_courses_, name='report_writing_free_online_courses_'),
path('signup', signup, name='signup'),
path('starting-this-month', starting_this_month, name='starting_this_month'),
path('subjects', subjects, name='subjects'),
path('subject/accounting', subject_accounting, name='subject_accounting'),
path('subject/aerospace-engineering', subject_aerospace_engineering, name='subject_aerospace_engineering'),
path('subject/agriculture', subject_agriculture, name='subject_agriculture'),
path('subject/ai', subject_ai, name='subject_ai'),
path('subject/algebra', subject_algebra, name='subject_algebra'),
path('subject/algorithms-and-data-structures', subject_algorithms_and_data_structures, name='subject_algorithms_and_data_structures'),
path('subject/anatomy', subject_anatomy, name='subject_anatomy'),
path('subject/anthropology', subject_anthropology, name='subject_anthropology'),
path('subject/applied-science', subject_applied_science, name='subject_applied_science'),
path('subject/archaeology', subject_archaeology, name='subject_archaeology'),
path('subject/art-and-design', subject_art_and_design, name='subject_art_and_design'),
path('subject/astronomy', subject_astronomy, name='subject_astronomy'),
path('subject/big-data', subject_big_data, name='subject_big_data'),
path('subject/bim', subject_bim, name='subject_bim'),
path('subject/bioinformatics', subject_bioinformatics, name='subject_bioinformatics'),
path('subject/biology', subject_biology, name='subject_biology'),
path('subject/blockchain', subject_blockchain, name='subject_blockchain'),
path('subject/blue-team', subject_blue_team, name='subject_blue_team'),
path('subject/business-intelligence', subject_business_intelligence, name='subject_business_intelligence'),
path('subject/business-software', subject_business_software, name='subject_business_software'),
path('subject/business', subject_business, name='subject_business'),
path('subject/cad', subject_cad, name='subject_cad'),
path('subject/calculus', subject_calculus, name='subject_calculus'),
path('subject/career-development', subject_career_development, name='subject_career_development'),
path('subject/chemical-engineering', subject_chemical_engineering, name='subject_chemical_engineering'),
path('subject/chemistry', subject_chemistry, name='subject_chemistry'),
path('subject/childhood-development', subject_childhood_development, name='subject_childhood_development'),
path('subject/civil-engineering', subject_civil_engineering, name='subject_civil_engineering'),
path('subject/cloud-computing', subject_cloud_computing, name='subject_cloud_computing'),
path('subject/cme', subject_cme, name='subject_cme'),
path('subject/combinatorics', subject_combinatorics, name='subject_combinatorics'),
path('subject/communication-skills', subject_communication_skills, name='subject_communication_skills'),
path('subject/computer-graphics', subject_computer_graphics, name='subject_computer_graphics'),
path('subject/computer-networking', subject_computer_networking, name='subject_computer_networking'),
path('subject/course-development', subject_course_development, name='subject_course_development'),
path('subject/crisis-management', subject_crisis_management, name='subject_crisis_management'),
path('subject/cryptography', subject_cryptography, name='subject_cryptography'),
path('subject/cs', subject_cs, name='subject_cs'),
path('subject/csr', subject_csr, name='subject_csr'),
path('subject/culture', subject_culture, name='subject_culture'),
path('subject/customer-service', subject_customer_service, name='subject_customer_service'),
path('subject/cybersecurity', subject_cybersecurity, name='subject_cybersecurity'),
path('subject/data-analysis', subject_data_analysis, name='subject_data_analysis'),
path('subject/data-mining', subject_data_mining, name='subject_data_mining'),
path('subject/data-science', subject_data_science, name='subject_data_science'),
path('subject/data-visualization', subject_data_visualization, name='subject_data_visualization'),
path('subject/databases', subject_databases, name='subject_databases'),
path('subject/deep-learning', subject_deep_learning, name='subject_deep_learning'),
path('subject/design-and-creativity', subject_design_and_creativity, name='subject_design_and_creativity'),
path('subject/design-thinking', subject_design_thinking, name='subject_design_thinking'),
path('subject/devops', subject_devops, name='subject_devops'),
path('subject/devsecops', subject_devsecops, name='subject_devsecops'),
path('subject/digital-forensics', subject_digital_forensics, name='subject_digital_forensics'),
path('subject/digital-media', subject_digital_media, name='subject_digital_media'),
path('subject/digital-skills', subject_digital_skills, name='subject_digital_skills'),
path('subject/discrete-mathematics', subject_discrete_mathematics, name='subject_discrete_mathematics'),
path('subject/disease-and-disorders', subject_disease_and_disorders, name='subject_disease_and_disorders'),
path('subject/distributed-systems', subject_distributed_systems, name='subject_distributed_systems'),
path('subject/earth-science', subject_earth_science, name='subject_earth_science'),
path('subject/economics', subject_economics, name='subject_economics'),
path('subject/education', subject_education, name='subject_education'),
path('subject/electrical-engineering', subject_electrical_engineering, name='subject_electrical_engineering'),
path('subject/energy-systems', subject_energy_systems, name='subject_energy_systems'),
path('subject/engineering', subject_engineering, name='subject_engineering'),
path('subject/entrepreneurship', subject_entrepreneurship, name='subject_entrepreneurship'),
path('subject/environmental-science', subject_environmental_science, name='subject_environmental_science'),
path('subject/esl', subject_esl, name='subject_esl'),
path('subject/ethical-hacking', subject_ethical_hacking, name='subject_ethical_hacking'),
path('subject/ethics', subject_ethics, name='subject_ethics'),
path('subject/finance', subject_finance, name='subject_finance'),
path('subject/food', subject_food, name='subject_food'),
path('subject/forensic-science', subject_forensic_science, name='subject_forensic_science'),
path('subject/foundations-of-mathematics', subject_foundations_of_mathematics, name='subject_foundations_of_mathematics'),
path('subject/game-development', subject_game_development, name='subject_game_development'),
path('subject/geometry', subject_geometry, name='subject_geometry'),
path('subject/gis', subject_gis, name='subject_gis'),
path('subject/governance', subject_governance, name='subject_governance'),
path('subject/grammar-writing', subject_grammar_writing, name='subject_grammar_writing'),
path('subject/hci', subject_hci, name='subject_hci'),
path('subject/health-care', subject_health_care, name='subject_health_care'),
path('subject/health', subject_health, name='subject_health'),
path('subject/higher-education', subject_higher_education, name='subject_higher_education'),
path('subject/history', subject_history, name='subject_history'),
path('subject/human-resources', subject_human_resources, name='subject_human_resources'),
path('subject/human-rights', subject_human_rights, name='subject_human_rights'),
path('subject/humanities', subject_humanities, name='subject_humanities'),
path('subject/industry-specific', subject_industry_specific, name='subject_industry_specific'),
path('subject/information-technology', subject_information_technology, name='subject_information_technology'),
path('subject/infosec-certifications', subject_infosec_certifications, name='subject_infosec_certifications'),
path('subject/infosec', subject_infosec, name='subject_infosec'),
path('subject/innovation', subject_innovation, name='subject_innovation'),
path('subject/internet-of-things', subject_internet_of_things, name='subject_internet_of_things'),
path('subject/journalism', subject_journalism, name='subject_journalism'),
path('subject/jupyter', subject_jupyter, name='subject_jupyter'),
path('subject/k12', subject_k12, name='subject_k12'),
path('subject/language-learning', subject_language_learning, name='subject_language_learning'),
path('subject/law', subject_law, name='subject_law'),
path('subject/library-science', subject_library_science, name='subject_library_science'),
path('subject/linear-programming', subject_linear_programming, name='subject_linear_programming'),
path('subject/linguistics', subject_linguistics, name='subject_linguistics'),
path('subject/literature', subject_literature, name='subject_literature'),
path('subject/machine-learning', subject_machine_learning, name='subject_machine_learning'),
path('subject/malware-analysis', subject_malware_analysis, name='subject_malware_analysis'),
path('subject/management-and-leadership', subject_management_and_leadership, name='subject_management_and_leadership'),
path('subject/manufacturing', subject_manufacturing, name='subject_manufacturing'),
path('subject/marketing', subject_marketing, name='subject_marketing'),
path('subject/materials-science', subject_materials_science, name='subject_materials_science'),
path('subject/mathematical-logic', subject_mathematical_logic, name='subject_mathematical_logic'),
path('subject/maths', subject_maths, name='subject_maths'),
path('subject/mechanical-engineering', subject_mechanical_engineering, name='subject_mechanical_engineering'),
path('subject/mobile-development', subject_mobile_development, name='subject_mobile_development'),
path('subject/music', subject_music, name='subject_music'),
path('subject/nanotechnology', subject_nanotechnology, name='subject_nanotechnology'),
path('subject/network-security', subject_network_security, name='subject_network_security'),
path('subject/nonprofit', subject_nonprofit, name='subject_nonprofit'),
path('subject/number-theory', subject_number_theory, name='subject_number_theory'),
path('subject/nursing', subject_nursing, name='subject_nursing'),
path('subject/nutrition-and-wellness', subject_nutrition_and_wellness, name='subject_nutrition_and_wellness'),
path('subject/online-education', subject_online_education, name='subject_online_education'),
path('subject/operating-systems', subject_operating_systems, name='subject_operating_systems'),
path('subject/operations-management', subject_operations_management, name='subject_operations_management'),
path('subject/osint', subject_osint, name='subject_osint'),
path('subject/pedagogy', subject_pedagogy, name='subject_pedagogy'),
path('subject/pentesting', subject_pentesting, name='subject_pentesting'),
path('subject/personal-development', subject_personal_development, name='subject_personal_development'),
path('subject/philosophy', subject_philosophy, name='subject_philosophy'),
path('subject/physics', subject_physics, name='subject_physics'),
path('subject/political-science', subject_political_science, name='subject_political_science'),
path('subject/precalculus', subject_precalculus, name='subject_precalculus'),
path('subject/presentation-skills', subject_presentation_skills, name='subject_presentation_skills'),
path('subject/programming-and-software-development', subject_programming_and_software_development, name='subject_programming_and_software_development'),
path('subject/programming-languages', subject_programming_languages, name='subject_programming_languages'),
path('subject/project-management', subject_project_management, name='subject_project_management'),
path('subject/psychology', subject_psychology, name='subject_psychology'),
path('subject/public-health', subject_public_health, name='subject_public_health'),
path('subject/quantum-computing', subject_quantum_computing, name='subject_quantum_computing'),
path('subject/reading', subject_reading, name='subject_reading'),
path('subject/red-team', subject_red_team, name='subject_red_team'),
path('subject/religion', subject_religion, name='subject_religion'),
path('subject/resilience', subject_resilience, name='subject_resilience'),
path('subject/reverse-engineering', subject_reverse_engineering, name='subject_reverse_engineering'),
path('subject/risk-management', subject_risk_management, name='subject_risk_management'),
path('subject/robotics', subject_robotics, name='subject_robotics'),
path('subject/sales', subject_sales, name='subject_sales'),
path('subject/science', subject_science, name='subject_science'),
path('subject/self-improvement', subject_self_improvement, name='subject_self_improvement'),
path('subject/social-sciences', subject_social_sciences, name='subject_social_sciences'),
path('subject/social-work', subject_social_work, name='subject_social_work'),
path('subject/sociology', subject_sociology, name='subject_sociology'),
path('subject/software-development', subject_software_development, name='subject_software_development'),
path('subject/sports', subject_sports, name='subject_sports'),
path('subject/statistics', subject_statistics, name='subject_statistics'),
path('subject/stem', subject_stem, name='subject_stem'),
path('subject/strategic-management', subject_strategic_management, name='subject_strategic_management'),
path('subject/sustainability', subject_sustainability, name='subject_sustainability'),
path('subject/teacher-development', subject_teacher_development, name='subject_teacher_development'),
path('subject/test-prep', subject_test_prep, name='subject_test_prep'),
path('subject/textiles', subject_textiles, name='subject_textiles'),
path('subject/threat-intelligence', subject_threat_intelligence, name='subject_threat_intelligence'),
path('subject/trigonometry', subject_trigonometry, name='subject_trigonometry'),
path('subject/urban-planning', subject_urban_planning, name='subject_urban_planning'),
path('subject/veterinary-science', subject_veterinary_science, name='subject_veterinary_science'),
path('subject/visual-arts', subject_visual_arts, name='subject_visual_arts'),
path('subject/web-development', subject_web_development, name='subject_web_development'),
path('universities', universities, name='universities'),
path('university/columbia', university_columbia, name='university_columbia'),
path('university/cornell', university_cornell, name='university_cornell'),
path('university/duke', university_duke, name='university_duke'),
path('university/edinburgh', university_edinburgh, name='university_edinburgh'),
path('university/gatech', university_gatech, name='university_gatech'),
path('university/harvard', university_harvard, name='university_harvard'),
path('university/iit-kharagpur', university_iit_kharagpur, name='university_iit_kharagpur'),
path('university/iitm', university_iitm, name='university_iitm'),
path('university/mit', university_mit, name='university_mit'),
path('university/penn', university_penn, name='university_penn'),
path('university/purdue', university_purdue, name='university_purdue'),
path('university/rice', university_rice, name='university_rice'),
path('university/stanford', university_stanford, name='university_stanford'),
path('university/umich', university_umich, name='university_umich'),
